file,width,height,dimensions,ratio,ratio_decimal,status
src/assets/people at zigma/office/10_result.webp,6123,4082,6123 x 4082,3:2,1.5,ok
src/assets/people at zigma/office/11_result.webp,6123,4082,6123 x 4082,3:2,1.5,ok
src/assets/people at zigma/office/12_result.webp,6123,4082,6123 x 4082,3:2,1.5,ok
src/assets/people at zigma/office/13_result.webp,6123,4082,6123 x 4082,3:2,1.5,ok
src/assets/people at zigma/office/14_result.webp,6123,4082,6123 x 4082,3:2,1.5,ok
src/assets/people at zigma/office/15_result.webp,6123,4082,6123 x 4082,3:2,1.5,ok
src/assets/people at zigma/office/16_result.webp,4082,6123,4082 x 6123,2:3,0.666667,ok
src/assets/people at zigma/office/17_result.webp,6123,4082,6123 x 4082,3:2,1.5,ok
src/assets/people at zigma/office/18_result.webp,6123,4082,6123 x 4082,3:2,1.5,ok
src/assets/people at zigma/office/19_result.webp,6123,4082,6123 x 4082,3:2,1.5,ok
src/assets/people at zigma/office/20_result.webp,6123,4082,6123 x 4082,3:2,1.5,ok
src/assets/people at zigma/office/22_result.webp,6123,4082,6123 x 4082,3:2,1.5,ok
src/assets/people at zigma/office/24_result.webp,6123,4082,6123 x 4082,3:2,1.5,ok
src/assets/people at zigma/office/25_result.webp,6123,4082,6123 x 4082,3:2,1.5,ok
src/assets/people at zigma/office/26_result.webp,6123,4082,6123 x 4082,3:2,1.5,ok
src/assets/people at zigma/office/27_result.webp,6123,4082,6123 x 4082,3:2,1.5,ok
src/assets/people at zigma/office/29_result.webp,6123,4082,6123 x 4082,3:2,1.5,ok
src/assets/people at zigma/office/30_result.jpg,5672,4048,5672 x 4048,709:506,1.401186,ok
src/assets/people at zigma/office/32_result.webp,6123,4082,6123 x 4082,3:2,1.5,ok
src/assets/people at zigma/office/33_result.webp,6123,4082,6123 x 4082,3:2,1.5,ok
src/assets/people at zigma/office/34_result.webp,6123,4082,6123 x 4082,3:2,1.5,ok
src/assets/people at zigma/office/37_result.webp,6123,4082,6123 x 4082,3:2,1.5,ok
src/assets/people at zigma/office/39_result.webp,6123,4082,6123 x 4082,3:2,1.5,ok
src/assets/people at zigma/office/42_result.webp,6123,4082,6123 x 4082,3:2,1.5,ok
src/assets/people at zigma/office/43_result.webp,6123,4082,6123 x 4082,3:2,1.5,ok
src/assets/people at zigma/office/44_result.webp,6123,4082,6123 x 4082,3:2,1.5,ok
src/assets/people at zigma/office/45_result.webp,6123,4082,6123 x 4082,3:2,1.5,ok
src/assets/people at zigma/office/46_result.webp,6123,4082,6123 x 4082,3:2,1.5,ok
src/assets/people at zigma/office/47_result.webp,6123,4082,6123 x 4082,3:2,1.5,ok
src/assets/people at zigma/office/48_result.webp,6123,4082,6123 x 4082,3:2,1.5,ok
src/assets/people at zigma/office/49_result.webp,6123,4082,6123 x 4082,3:2,1.5,ok
src/assets/people at zigma/office/5.jpg,1200,800,1200 x 800,3:2,1.5,ok
src/assets/people at zigma/office/50_result.webp,6123,4082,6123 x 4082,3:2,1.5,ok
src/assets/people at zigma/office/56_result.webp,6123,4082,6123 x 4082,3:2,1.5,ok
src/assets/people at zigma/office/58_result.webp,4082,6123,4082 x 6123,2:3,0.666667,ok
src/assets/people at zigma/office/59_result.webp,6123,4082,6123 x 4082,3:2,1.5,ok
src/assets/people at zigma/office/60_result.webp,6123,4082,6123 x 4082,3:2,1.5,ok
src/assets/people at zigma/office/61_result.webp,6123,4082,6123 x 4082,3:2,1.5,ok
src/assets/people at zigma/office/65_result.webp,6123,4082,6123 x 4082,3:2,1.5,ok
src/assets/people at zigma/office/69_result.webp,3264,2448,3264 x 2448,4:3,1.333333,ok
src/assets/people at zigma/office/70_result.webp,3264,2448,3264 x 2448,4:3,1.333333,ok
src/assets/people at zigma/office/71_result.webp,6123,4082,6123 x 4082,3:2,1.5,ok
src/assets/people at zigma/office/8_result.webp,6123,4082,6123 x 4082,3:2,1.5,ok
src/assets/people at zigma/office/9_result.webp,6123,4082,6123 x 4082,3:2,1.5,ok
src/assets/people at zigma/office/Ganapathy Temple.jpeg,1280,960,1280 x 960,4:3,1.333333,ok
src/assets/people at zigma/office/Turf - play area.jpeg,1280,960,1280 x 960,4:3,1.333333,ok
src/assets/people at zigma/office/zigma picture.jpg,912,504,912 x 504,38:21,1.809524,ok
src/assets/people at zigma/Plants/1.jpeg,4160,3120,4160 x 3120,4:3,1.333333,ok
src/assets/people at zigma/Plants/10.jpeg,1600,1204,1600 x 1204,400:301,1.328904,ok
src/assets/people at zigma/Plants/11.jpeg,4160,3120,4160 x 3120,4:3,1.333333,ok
src/assets/people at zigma/Plants/12.jpeg,4096,2304,4096 x 2304,16:9,1.777778,ok
src/assets/people at zigma/Plants/13.jpeg,4096,2304,4096 x 2304,16:9,1.777778,ok
src/assets/people at zigma/Plants/14.jpeg,4160,3120,4160 x 3120,4:3,1.333333,ok
src/assets/people at zigma/Plants/15.jpg,1600,1180,1600 x 1180,80:59,1.355932,ok
src/assets/people at zigma/Plants/16.jpeg,1280,960,1280 x 960,4:3,1.333333,ok
src/assets/people at zigma/Plants/17.jpeg,4160,3120,4160 x 3120,4:3,1.333333,ok
src/assets/people at zigma/Plants/18.png,1124,944,1124 x 944,281:236,1.190678,ok
src/assets/people at zigma/Plants/19.png,1103,976,1103 x 976,1103:976,1.130123,ok
src/assets/people at zigma/Plants/2.jpeg,1152,520,1152 x 520,144:65,2.215385,ok
src/assets/people at zigma/Plants/20.png,896,605,896 x 605,896:605,1.480992,ok
src/assets/people at zigma/Plants/21.png,1091,960,1091 x 960,1091:960,1.136458,ok
src/assets/people at zigma/Plants/22.jpeg,3100,1743,3100 x 1743,3100:1743,1.778543,ok
src/assets/people at zigma/Plants/23.jpeg,1408,928,1408 x 928,44:29,1.517241,ok
src/assets/people at zigma/Plants/24.png,1091,960,1091 x 960,1091:960,1.136458,ok
src/assets/people at zigma/Plants/3.jpeg,1280,960,1280 x 960,4:3,1.333333,ok
src/assets/people at zigma/Plants/4.jpeg,1280,576,1280 x 576,20:9,2.222222,ok
src/assets/people at zigma/Plants/5.jpeg,1600,1200,1600 x 1200,4:3,1.333333,ok
src/assets/people at zigma/Plants/6.jpeg,1280,960,1280 x 960,4:3,1.333333,ok
src/assets/people at zigma/Plants/7.jpeg,1280,960,1280 x 960,4:3,1.333333,ok
src/assets/people at zigma/Plants/8.jpeg,1600,1204,1600 x 1204,400:301,1.328904,ok
src/assets/people at zigma/Plants/9.jpeg,4096,2304,4096 x 2304,16:9,1.777778,ok
src/assets/people at zigma/Zigma beyond work/20250815_092748.jpg,2717,1894,2717 x 1894,2717:1894,1.43453,ok
src/assets/people at zigma/Zigma beyond work/20250815_093449.jpg,4000,3000,4000 x 3000,4:3,1.333333,ok
src/assets/people at zigma/Zigma beyond work/DSC07286.JPG,6000,4000,6000 x 4000,3:2,1.5,ok
src/assets/people at zigma/Zigma beyond work/DSC07326.JPG,6000,4000,6000 x 4000,3:2,1.5,ok
src/assets/people at zigma/Zigma beyond work/DSC07350.JPG,6000,4000,6000 x 4000,3:2,1.5,ok
src/assets/people at zigma/Zigma beyond work/DSC07351.JPG,6000,4000,6000 x 4000,3:2,1.5,ok
src/assets/people at zigma/Zigma beyond work/DSC07354.JPG,6000,4000,6000 x 4000,3:2,1.5,ok
src/assets/people at zigma/Zigma beyond work/DSC07609.JPG,6000,4000,6000 x 4000,3:2,1.5,ok
src/assets/people at zigma/Zigma beyond work/image (2).jpeg,1280,960,1280 x 960,4:3,1.333333,ok
src/assets/people at zigma/Zigma beyond work/image (3).jpeg,1600,1200,1600 x 1200,4:3,1.333333,ok
src/assets/people at zigma/Zigma beyond work/image (4).jpeg,1600,1200,1600 x 1200,4:3,1.333333,ok
src/assets/people at zigma/Zigma beyond work/image.jpeg,1600,1200,1600 x 1200,4:3,1.333333,ok
src/assets/people at zigma/Zigma beyond work/IMG_2766.JPG.jpeg,5712,4284,5712 x 4284,4:3,1.333333,ok
src/assets/people at zigma/Zigma beyond work/plant celebration/2.png,2390,1792,2390 x 1792,1195:896,1.333705,ok
src/assets/people at zigma/Zigma beyond work/plant celebration/WhatsApp Image 2025-08-09 at 1.40.25 PM.jpeg,3124,2343,3124 x 2343,4:3,1.333333,ok
src/assets/people at zigma/Zigma beyond work/plant celebration/WhatsApp Image 2025-08-09 at 3.29.44 PM (1).jpeg,1600,900,1600 x 900,16:9,1.777778,ok
src/assets/people at zigma/Zigma beyond work/plant celebration/WhatsApp Image 2025-08-09 at 3.29.44 PM.jpeg,1600,900,1600 x 900,16:9,1.777778,ok
src/assets/people at zigma/Zigma beyond work/plant celebration/WhatsApp Image 2025-08-09 at 3.29.45 PM.jpeg,1600,900,1600 x 900,16:9,1.777778,ok
src/assets/people at zigma/Zigma beyond work/plant celebration/WhatsApp Image 2025-08-16 at 10.06.13 AM.jpeg,1600,1200,1600 x 1200,4:3,1.333333,ok
src/assets/people at zigma/Zigma beyond work/plant celebration/WhatsApp Image 2025-08-18 at 10.01.08 AM.jpeg,1280,721,1280 x 721,1280:721,1.775312,ok
src/assets/people at zigma/Zigma beyond work/plant celebration/WhatsApp Image 2025-08-18 at 9.34.32 AM.jpeg,901,1073,901 x 1073,901:1073,0.839702,ok
src/assets/people at zigma/Zigma beyond work/plant celebration/WhatsApp Image 2025-10-03 at 10.24.32 AM.jpeg,1152,864,1152 x 864,4:3,1.333333,ok
src/assets/people at zigma/Zigma beyond work/plant celebration/WhatsApp Image 2025-12-25 at 12.07.37 PM.jpeg,1280,1075,1280 x 1075,256:215,1.190698,ok
src/assets/people at zigma/Zigma beyond work/plant celebration/WhatsApp Image 2025-12-25 at 8.55.58 AM.png,2390,1792,2390 x 1792,1195:896,1.333705,ok
src/assets/people at zigma/Zigma beyond work/plant celebration/WhatsApp Image 2026-01-30 at 4.05.49 PM.jpeg,1600,1200,1600 x 1200,4:3,1.333333,ok
src/assets/people at zigma/Zigma beyond work/plant celebration/WhatsApp Image 2026-01-30 at 4.11.03 PM.jpeg,1600,900,1600 x 900,16:9,1.777778,ok
src/assets/people at zigma/Zigma beyond work/plant celebration/WhatsApp Image 2026-01-30 at 4.14.10 PM (1).jpeg,867,1156,867 x 1156,3:4,0.75,ok
src/assets/people at zigma/Zigma beyond work/plant celebration/WhatsApp Image 2026-01-30 at 4.14.11 PM (1).jpeg,1156,867,1156 x 867,4:3,1.333333,ok
src/assets/people at zigma/Zigma beyond work/plant celebration/WhatsApp Image 2026-01-30 at 4.14.17 PM.jpeg,4080,3065,4080 x 3065,816:613,1.331158,ok
src/assets/people at zigma/Zigma beyond work/plant celebration/WhatsApp Image 2026-01-30 at 4.17.32 PM.jpeg,1280,591,1280 x 591,1280:591,2.165821,ok
src/assets/people at zigma/Zigma beyond work/plant celebration/WhatsApp Image 2026-03-04 at 10.54.37 AM.jpeg,1600,724,1600 x 724,400:181,2.209945,ok
src/assets/people at zigma/Zigma beyond work/plant celebration/WhatsApp Image 2026-03-04 at 11.01.32 AM.jpeg,1156,868,1156 x 868,289:217,1.331797,ok
src/assets/people at zigma/Zigma beyond work/WhatsApp Image 2025-09-23 at 2.49.15 PM (1).jpeg,1600,1200,1600 x 1200,4:3,1.333333,ok
src/assets/people at zigma/Zigma beyond work/WhatsApp Image 2025-09-23 at 2.49.26 PM.jpeg,1600,1200,1600 x 1200,4:3,1.333333,ok
src/assets/people at zigma/Zigma beyond work/WhatsApp Image 2025-10-17 at 4.53.00 PM (1).jpeg,1600,1200,1600 x 1200,4:3,1.333333,ok
src/assets/people at zigma/Zigma beyond work/WhatsApp Image 2025-11-08 at 10.57.24 AM.jpeg,1280,960,1280 x 960,4:3,1.333333,ok
src/assets/people at zigma/Zigma beyond work/WhatsApp Image 2025-11-10 at 11.43.33 AM.jpeg,1000,450,1000 x 450,20:9,2.222222,ok
src/assets/people at zigma/Zigma beyond work/WhatsApp Image 2025-11-14 at 5.26.01 PM (2).jpeg,1600,1200,1600 x 1200,4:3,1.333333,ok
src/assets/people at zigma/Zigma beyond work/WhatsApp Image 2025-11-14 at 5.26.04 PM.jpeg,1200,1600,1200 x 1600,3:4,0.75,ok
src/assets/people at zigma/Zigma beyond work/WhatsApp Image 2025-11-22 at 10.50.49 AM (2).jpeg,1280,960,1280 x 960,4:3,1.333333,ok
src/assets/people at zigma/Zigma beyond work/WhatsApp Image 2025-11-27 at 11.13.02 AM.jpeg,1280,960,1280 x 960,4:3,1.333333,ok
src/assets/people at zigma/Zigma beyond work/WhatsApp Image 2025-12-18 at 1.46.00 PM.jpeg,1600,1200,1600 x 1200,4:3,1.333333,ok
src/assets/people at zigma/Zigma beyond work/WhatsApp Image 2025-12-18 at 1.46.02 PM (2).jpeg,1600,1200,1600 x 1200,4:3,1.333333,ok
src/assets/people at zigma/Zigma beyond work/WhatsApp Image 2025-12-18 at 1.46.15 PM (2).jpeg,1114,808,1114 x 808,557:404,1.378713,ok
src/assets/people at zigma/Zigma beyond work/WhatsApp Image 2025-12-22 at 9.54.47 AM (1).jpeg,1280,720,1280 x 720,16:9,1.777778,ok
src/assets/people at zigma/Zigma beyond work/WhatsApp Image 2025-12-22 at 9.58.26 AM (1).jpeg,1280,960,1280 x 960,4:3,1.333333,ok
src/assets/people at zigma/Zigma beyond work/WhatsApp Image 2025-12-22 at 9.58.27 AM (2).jpeg,1280,960,1280 x 960,4:3,1.333333,ok
src/assets/people at zigma/Zigma beyond work/WhatsApp Image 2025-12-25 at 9.40.11 AM.jpeg,1600,1200,1600 x 1200,4:3,1.333333,ok
src/assets/people at zigma/Zigma beyond work/WhatsApp Image 2025-12-25 at 9.40.19 AM.jpeg,1200,1600,1200 x 1600,3:4,0.75,ok
src/assets/people at zigma/Zigma beyond work/WhatsApp Image 2025-12-25 at 9.40.22 AM.jpeg,1600,1200,1600 x 1200,4:3,1.333333,ok
src/assets/people at zigma/Zigma beyond work/WhatsApp Image 2025-12-25 at 9.41.02 AM.jpeg,1600,1200,1600 x 1200,4:3,1.333333,ok
src/assets/people at zigma/Zigma beyond work/WhatsApp Image 2025-12-26 at 11.01.00 AM (3).jpeg,1280,575,1280 x 575,256:115,2.226087,ok
src/assets/people at zigma/Zigma beyond work/WhatsApp Image 2025-12-26 at 11.01.04 AM (2).jpeg,1280,575,1280 x 575,256:115,2.226087,ok
src/assets/people at zigma/Zigma beyond work/WhatsApp Image 2025-12-26 at 11.01.04 AM.jpeg,1280,575,1280 x 575,256:115,2.226087,ok
src/assets/people at zigma/Zigma beyond work/WhatsApp Image 2025-12-26 at 11.01.05 AM (1).jpeg,1280,575,1280 x 575,256:115,2.226087,ok
src/assets/people at zigma/Zigma beyond work/WhatsApp Image 2025-12-26 at 11.01.05 AM.jpeg,1280,720,1280 x 720,16:9,1.777778,ok
src/assets/people at zigma/Zigma beyond work/WhatsApp Image 2026-01-17 at 12.46.48 PM (1).jpeg,1200,1600,1200 x 1600,3:4,0.75,ok
src/assets/people at zigma/Zigma beyond work/WhatsApp Image 2026-01-17 at 12.47.02 PM.jpeg,1200,1600,1200 x 1600,3:4,0.75,ok
src/assets/people at zigma/Zigma beyond work/WhatsApp Image 2026-01-17 at 12.47.03 PM.jpeg,1200,1600,1200 x 1600,3:4,0.75,ok
src/assets/people at zigma/Zigma beyond work/WhatsApp Image 2026-01-17 at 12.47.04 PM (1).jpeg,1200,1600,1200 x 1600,3:4,0.75,ok
src/assets/people at zigma/Zigma beyond work/WhatsApp Image 2026-01-27 at 5.09.52 PM (1).jpeg,1280,960,1280 x 960,4:3,1.333333,ok
src/assets/people at zigma/Zigma beyond work/WhatsApp Image 2026-03-11 at 11.12.16 AM.jpeg,1600,1200,1600 x 1200,4:3,1.333333,ok
src/assets/people at zigma/Zigma beyond work/WhatsApp Image 2026-03-11 at 11.12.33 AM.jpeg,1280,960,1280 x 960,4:3,1.333333,ok
src/assets/people at zigma/Zigma beyond work/WhatsApp Image 2026-03-11 at 11.12.34 AM.jpeg,1280,960,1280 x 960,4:3,1.333333,ok
